{"org src conf": 0.9991626739501953, "org tgt conf": 0.0005281493649818003, "recon src conf": 0.9968260526657104, "recon tgt conf": 0.0022700896952301264, "cf src conf": 0.006387487985193729, "cf tgt conf": 0.9720168113708496, "cf ref src conf": 2.207963916589506e-06, "cf ref tgt conf": 0.9999662637710571}