{"org src conf": 0.9993191957473755, "org tgt conf": 0.0006196430185809731, "recon src conf": 0.9943893551826477, "recon tgt conf": 0.005433288402855396, "cf src conf": 0.00902845524251461, "cf tgt conf": 0.990105926990509, "cf ref src conf": 2.207963916589506e-06, "cf ref tgt conf": 0.9999662637710571}