{"org src conf": 0.9997164607048035, "org tgt conf": 0.0001635277149034664, "recon src conf": 0.9993101358413696, "recon tgt conf": 0.0005413900362327695, "cf src conf": 0.00849521066993475, "cf tgt conf": 0.9900925755500793, "cf ref src conf": 2.207963916589506e-06, "cf ref tgt conf": 0.9999662637710571}