{"org src conf": 0.999057948589325, "org tgt conf": 1.3553089956985787e-05, "recon src conf": 0.9989551305770874, "recon tgt conf": 9.086598583962768e-05, "cf src conf": 0.009843694046139717, "cf tgt conf": 0.9900673627853394, "cf ref src conf": 2.207963916589506e-06, "cf ref tgt conf": 0.9999662637710571}