{"org src conf": 0.9993422627449036, "org tgt conf": 0.0001902263320516795, "recon src conf": 0.9983633160591125, "recon tgt conf": 0.001204968779347837, "cf src conf": 0.009746733121573925, "cf tgt conf": 0.9900533556938171, "cf ref src conf": 2.207963916589506e-06, "cf ref tgt conf": 0.9999662637710571}