{"org src conf": 0.9992899894714355, "org tgt conf": 6.911403761478141e-05, "recon src conf": 0.9991633892059326, "recon tgt conf": 0.00035484781255945563, "cf src conf": 0.009541605599224567, "cf tgt conf": 0.9901047348976135, "cf ref src conf": 2.207963916589506e-06, "cf ref tgt conf": 0.9999662637710571}