{"org src conf": 0.9993276596069336, "org tgt conf": 0.0005247274530120194, "recon src conf": 0.9963105320930481, "recon tgt conf": 0.0035362904891371727, "cf src conf": 0.00992761179804802, "cf tgt conf": 0.9900506138801575, "cf ref src conf": 2.207963916589506e-06, "cf ref tgt conf": 0.9999662637710571}