{"org src conf": 0.9998656511306763, "org tgt conf": 4.2700896301539615e-05, "recon src conf": 0.9995562434196472, "recon tgt conf": 0.00022852174879517406, "cf src conf": 0.008157630451023579, "cf tgt conf": 0.9896117448806763, "cf ref src conf": 2.207963916589506e-06, "cf ref tgt conf": 0.9999662637710571}