{"org src conf": 0.9995891451835632, "org tgt conf": 5.106209573568776e-05, "recon src conf": 0.9986987113952637, "recon tgt conf": 0.000330597220454365, "cf src conf": 0.005239059217274189, "cf tgt conf": 0.9809409976005554, "cf ref src conf": 0.0002434037160128355, "cf ref tgt conf": 0.9992738366127014}