{"org src conf": 0.9996305704116821, "org tgt conf": 1.4713217524331412e-06, "recon src conf": 0.9992520213127136, "recon tgt conf": 4.67002610093914e-06, "cf src conf": 0.011627706699073315, "cf tgt conf": 0.9251613020896912, "cf ref src conf": 0.0002434037160128355, "cf ref tgt conf": 0.9992738366127014}