{"org src conf": 0.9992338418960571, "org tgt conf": 2.7869643872691086e-06, "recon src conf": 0.998196542263031, "recon tgt conf": 9.322479854745325e-06, "cf src conf": 0.009254319593310356, "cf tgt conf": 0.9172000288963318, "cf ref src conf": 0.0002434037160128355, "cf ref tgt conf": 0.9992738366127014}