{"org src conf": 0.9993693232536316, "org tgt conf": 4.362511754152365e-05, "recon src conf": 0.9980311989784241, "recon tgt conf": 0.0002929881738964468, "cf src conf": 0.003959192894399166, "cf tgt conf": 0.9856240749359131, "cf ref src conf": 0.0002434037160128355, "cf ref tgt conf": 0.9992738366127014}