{"org src conf": 0.9997981190681458, "org tgt conf": 5.660293481923873e-06, "recon src conf": 0.9993859529495239, "recon tgt conf": 4.758579234476201e-05, "cf src conf": 0.0016318835550919175, "cf tgt conf": 0.9817464351654053, "cf ref src conf": 0.0002434037160128355, "cf ref tgt conf": 0.9992738366127014}