{"org src conf": 0.9993003606796265, "org tgt conf": 0.0001654796942602843, "recon src conf": 0.9964258074760437, "recon tgt conf": 0.0014001191593706608, "cf src conf": 0.0017640743171796203, "cf tgt conf": 0.9837378263473511, "cf ref src conf": 0.0002434037160128355, "cf ref tgt conf": 0.9992738366127014}