{"org src conf": 0.9986361861228943, "org tgt conf": 0.0011011097813025117, "recon src conf": 0.9890017509460449, "recon tgt conf": 0.009376726113259792, "cf src conf": 0.004167143255472183, "cf tgt conf": 0.9815971851348877, "cf ref src conf": 0.0002434037160128355, "cf ref tgt conf": 0.9992738366127014}