{"org src conf": 0.9999264478683472, "org tgt conf": 9.302585795012419e-07, "recon src conf": 0.9998176693916321, "recon tgt conf": 3.971369096689159e-06, "cf src conf": 0.0068521699868142605, "cf tgt conf": 0.965205192565918, "cf ref src conf": 0.0002434037160128355, "cf ref tgt conf": 0.9992738366127014}