{"org src conf": 0.9999165534973145, "org tgt conf": 9.86511349765351e-06, "recon src conf": 0.9997231364250183, "recon tgt conf": 4.9812006182037294e-05, "cf src conf": 0.004394975025206804, "cf tgt conf": 0.9900876879692078, "cf ref src conf": 0.0002434037160128355, "cf ref tgt conf": 0.9992738366127014}