{"org src conf": 0.9968603849411011, "org tgt conf": 0.0030532374512404203, "recon src conf": 0.9416803121566772, "recon tgt conf": 0.05804426968097687, "cf src conf": 0.010929986834526062, "cf tgt conf": 0.9890413880348206, "cf ref src conf": 6.213723509063129e-07, "cf ref tgt conf": 0.9998576641082764}