{"org src conf": 0.9983269572257996, "org tgt conf": 0.0013277136022225022, "recon src conf": 0.9919968247413635, "recon tgt conf": 0.007509452756494284, "cf src conf": 0.009653612039983273, "cf tgt conf": 0.9900757670402527, "cf ref src conf": 6.213723509063129e-07, "cf ref tgt conf": 0.9998576641082764}