{"org src conf": 0.9999983310699463, "org tgt conf": 1.3070574595985818e-06, "recon src conf": 0.999990701675415, "recon tgt conf": 7.75593343860237e-06, "cf src conf": 0.0140046002343297, "cf tgt conf": 0.9790624380111694, "cf ref src conf": 2.7330715965945274e-05, "cf ref tgt conf": 0.9999450445175171}