{"org src conf": 0.9997128844261169, "org tgt conf": 0.0002868337614927441, "recon src conf": 0.9991763234138489, "recon tgt conf": 0.0008229906088672578, "cf src conf": 0.008370736613869667, "cf tgt conf": 0.9901288151741028, "cf ref src conf": 2.7330715965945274e-05, "cf ref tgt conf": 0.9999450445175171}