{"org src conf": 0.9990097284317017, "org tgt conf": 0.0009897584095597267, "recon src conf": 0.9935385584831238, "recon tgt conf": 0.006459925323724747, "cf src conf": 0.00981485191732645, "cf tgt conf": 0.9901297688484192, "cf ref src conf": 2.7330715965945274e-05, "cf ref tgt conf": 0.9999450445175171}