{"org src conf": 0.9991425275802612, "org tgt conf": 0.0008263957570306957, "recon src conf": 0.9968764781951904, "recon tgt conf": 0.0030347220599651337, "cf src conf": 0.008958508260548115, "cf tgt conf": 0.9900535345077515, "cf ref src conf": 2.7330715965945274e-05, "cf ref tgt conf": 0.9999450445175171}