{"org src conf": 0.9988088607788086, "org tgt conf": 0.0011838473146781325, "recon src conf": 0.9975785613059998, "recon tgt conf": 0.0024026718456298113, "cf src conf": 0.00692954333499074, "cf tgt conf": 0.9900894165039062, "cf ref src conf": 2.7330715965945274e-05, "cf ref tgt conf": 0.9999450445175171}