{"org src conf": 0.9999769926071167, "org tgt conf": 1.2826573765778448e-05, "recon src conf": 0.9999234676361084, "recon tgt conf": 5.525699452846311e-05, "cf src conf": 0.021026046946644783, "cf tgt conf": 0.9729677438735962, "cf ref src conf": 2.7330715965945274e-05, "cf ref tgt conf": 0.9999450445175171}