{"org src conf": 0.9998149275779724, "org tgt conf": 0.00018109417578671128, "recon src conf": 0.9995784163475037, "recon tgt conf": 0.0004139775992371142, "cf src conf": 0.009776909835636616, "cf tgt conf": 0.9900755286216736, "cf ref src conf": 2.7330715965945274e-05, "cf ref tgt conf": 0.9999450445175171}