{"org src conf": 0.9992700219154358, "org tgt conf": 0.0007064916426315904, "recon src conf": 0.9983710646629333, "recon tgt conf": 0.0015838564140722156, "cf src conf": 0.009106221608817577, "cf tgt conf": 0.983027458190918, "cf ref src conf": 2.7330715965945274e-05, "cf ref tgt conf": 0.9999450445175171}