{"org src conf": 0.9990496039390564, "org tgt conf": 0.00011363613157300279, "recon src conf": 0.998991072177887, "recon tgt conf": 0.00011342440848238766, "cf src conf": 0.028797052800655365, "cf tgt conf": 0.9445751905441284, "cf ref src conf": 0.0005711032426916063, "cf ref tgt conf": 0.9978877902030945}