{"org src conf": 0.9996770620346069, "org tgt conf": 1.633403735468164e-05, "recon src conf": 0.9992747902870178, "recon tgt conf": 9.436374057258945e-06, "cf src conf": 0.024861695244908333, "cf tgt conf": 0.9610117077827454, "cf ref src conf": 0.0005711032426916063, "cf ref tgt conf": 0.9978877902030945}