{"org src conf": 0.9996883869171143, "org tgt conf": 4.202238869766006e-06, "recon src conf": 0.9993228912353516, "recon tgt conf": 2.7152518669026904e-06, "cf src conf": 0.028295673429965973, "cf tgt conf": 0.965985894203186, "cf ref src conf": 0.0005711032426916063, "cf ref tgt conf": 0.9978877902030945}