{"org src conf": 0.9999327659606934, "org tgt conf": 3.2536765502300113e-05, "recon src conf": 0.9999550580978394, "recon tgt conf": 1.2548435734061059e-05, "cf src conf": 0.01840711385011673, "cf tgt conf": 0.9653578400611877, "cf ref src conf": 0.0005711032426916063, "cf ref tgt conf": 0.9978877902030945}