{"org src conf": 0.9992488026618958, "org tgt conf": 0.0006987199303694069, "recon src conf": 0.9994367957115173, "recon tgt conf": 0.0005094269290566444, "cf src conf": 0.018395155668258667, "cf tgt conf": 0.9690243005752563, "cf ref src conf": 0.0005711032426916063, "cf ref tgt conf": 0.9978877902030945}