{"org src conf": 0.9971449971199036, "org tgt conf": 0.002450371626764536, "recon src conf": 0.9981305003166199, "recon tgt conf": 0.0015964070335030556, "cf src conf": 0.008441063575446606, "cf tgt conf": 0.9863414168357849, "cf ref src conf": 0.0005711032426916063, "cf ref tgt conf": 0.9978877902030945}