{"org src conf": 0.9990333318710327, "org tgt conf": 2.3496006178902462e-05, "recon src conf": 0.9988974332809448, "recon tgt conf": 1.3574725926446263e-05, "cf src conf": 0.0149004515260458, "cf tgt conf": 0.9759540557861328, "cf ref src conf": 0.0005711032426916063, "cf ref tgt conf": 0.9978877902030945}