{"org src conf": 0.9995322227478027, "org tgt conf": 6.264988769544289e-05, "recon src conf": 0.9994508624076843, "recon tgt conf": 5.372999657993205e-05, "cf src conf": 0.0218054186552763, "cf tgt conf": 0.9698420166969299, "cf ref src conf": 0.0005711032426916063, "cf ref tgt conf": 0.9978877902030945}