{"org src conf": 0.9974018335342407, "org tgt conf": 0.0011807959526777267, "recon src conf": 0.9906614422798157, "recon tgt conf": 0.006596893072128296, "cf src conf": 0.009375983849167824, "cf tgt conf": 0.9900652766227722, "cf ref src conf": 5.049947162660828e-07, "cf ref tgt conf": 0.9999984502792358}