{"org src conf": 0.9974337220191956, "org tgt conf": 2.862562496375176e-06, "recon src conf": 0.9944610595703125, "recon tgt conf": 6.2144499679561704e-06, "cf src conf": 0.006805256940424442, "cf tgt conf": 0.9901317358016968, "cf ref src conf": 5.049947162660828e-07, "cf ref tgt conf": 0.9999984502792358}