{"org src conf": 0.9987561702728271, "org tgt conf": 0.0012281740782782435, "recon src conf": 0.9990506768226624, "recon tgt conf": 0.0009340267861261964, "cf src conf": 0.011005548760294914, "cf tgt conf": 0.9850601553916931, "cf ref src conf": 0.0008263957570306957, "cf ref tgt conf": 0.9991425275802612}