{"org src conf": 0.9994290471076965, "org tgt conf": 0.00036273355362936854, "recon src conf": 0.9994471669197083, "recon tgt conf": 0.00023076908837538213, "cf src conf": 0.024309197440743446, "cf tgt conf": 0.9754928946495056, "cf ref src conf": 0.0008263957570306957, "cf ref tgt conf": 0.9991425275802612}