{"org src conf": 0.99830162525177, "org tgt conf": 0.001663621747866273, "recon src conf": 0.9990712404251099, "recon tgt conf": 0.0008868990698829293, "cf src conf": 0.014941277913749218, "cf tgt conf": 0.9826298952102661, "cf ref src conf": 0.0008263957570306957, "cf ref tgt conf": 0.9991425275802612}