{"org src conf": 0.9995798468589783, "org tgt conf": 0.0004178944509476423, "recon src conf": 0.9998008608818054, "recon tgt conf": 0.00019475861336104572, "cf src conf": 0.01572544500231743, "cf tgt conf": 0.9842656850814819, "cf ref src conf": 0.0008263957570306957, "cf ref tgt conf": 0.9991425275802612}