{"org src conf": 0.9999450445175171, "org tgt conf": 2.7330715965945274e-05, "recon src conf": 0.999908447265625, "recon tgt conf": 1.4411516531254165e-05, "cf src conf": 0.01165842916816473, "cf tgt conf": 0.9860446453094482, "cf ref src conf": 0.0008263957570306957, "cf ref tgt conf": 0.9991425275802612}