{"org src conf": 0.9991235136985779, "org tgt conf": 0.000860753352753818, "recon src conf": 0.9992673993110657, "recon tgt conf": 0.0007019994081929326, "cf src conf": 0.013537622056901455, "cf tgt conf": 0.9859468340873718, "cf ref src conf": 0.0008263957570306957, "cf ref tgt conf": 0.9991425275802612}