{"org src conf": 0.9999011754989624, "org tgt conf": 9.552557457936928e-05, "recon src conf": 0.9999244213104248, "recon tgt conf": 7.183341949712485e-05, "cf src conf": 0.010049660690128803, "cf tgt conf": 0.9898725748062134, "cf ref src conf": 0.0008263957570306957, "cf ref tgt conf": 0.9991425275802612}