{"org src conf": 0.9997891783714294, "org tgt conf": 7.951181760290638e-05, "recon src conf": 0.9994555115699768, "recon tgt conf": 3.817883407464251e-05, "cf src conf": 0.01671198010444641, "cf tgt conf": 0.9795904159545898, "cf ref src conf": 0.0008263957570306957, "cf ref tgt conf": 0.9991425275802612}