{"org src conf": 0.9990191459655762, "org tgt conf": 0.000638904923107475, "recon src conf": 0.9992176294326782, "recon tgt conf": 0.0004382305487524718, "cf src conf": 0.022659391164779663, "cf tgt conf": 0.9639704823493958, "cf ref src conf": 3.46318120136857e-05, "cf ref tgt conf": 0.9985540509223938}