{"org src conf": 0.9993139505386353, "org tgt conf": 0.0004492351727094501, "recon src conf": 0.9995383024215698, "recon tgt conf": 0.000293129647616297, "cf src conf": 0.05009409412741661, "cf tgt conf": 0.9161575436592102, "cf ref src conf": 3.46318120136857e-05, "cf ref tgt conf": 0.9985540509223938}