{"org src conf": 0.999298095703125, "org tgt conf": 0.0005949202459305525, "recon src conf": 0.999618649482727, "recon tgt conf": 0.0002504680887795985, "cf src conf": 0.013083943165838718, "cf tgt conf": 0.9828406572341919, "cf ref src conf": 3.46318120136857e-05, "cf ref tgt conf": 0.9985540509223938}