{"org src conf": 0.99982750415802, "org tgt conf": 0.0001375321444356814, "recon src conf": 0.9998581409454346, "recon tgt conf": 8.420090307481587e-05, "cf src conf": 0.026346703991293907, "cf tgt conf": 0.9736203551292419, "cf ref src conf": 3.46318120136857e-05, "cf ref tgt conf": 0.9985540509223938}