{"org src conf": 0.9991023540496826, "org tgt conf": 0.0008155799587257206, "recon src conf": 0.9996275901794434, "recon tgt conf": 0.0002729010011535138, "cf src conf": 0.01680128462612629, "cf tgt conf": 0.9824039936065674, "cf ref src conf": 3.46318120136857e-05, "cf ref tgt conf": 0.9985540509223938}