{"org src conf": 0.9998883008956909, "org tgt conf": 2.370516631344799e-05, "recon src conf": 0.9998492002487183, "recon tgt conf": 6.44490573904477e-05, "cf src conf": 0.011528189294040203, "cf tgt conf": 0.988323450088501, "cf ref src conf": 2.3496006178902462e-05, "cf ref tgt conf": 0.9990333318710327}