{"org src conf": 0.9988693594932556, "org tgt conf": 0.0010703479638323188, "recon src conf": 0.9973031282424927, "recon tgt conf": 0.0025697273667901754, "cf src conf": 0.009377273730933666, "cf tgt conf": 0.9901041388511658, "cf ref src conf": 2.3496006178902462e-05, "cf ref tgt conf": 0.9990333318710327}