{"org src conf": 0.9983892440795898, "org tgt conf": 0.0004739391151815653, "recon src conf": 0.9948837161064148, "recon tgt conf": 0.0008659260347485542, "cf src conf": 0.008191978558897972, "cf tgt conf": 0.9893049001693726, "cf ref src conf": 2.3496006178902462e-05, "cf ref tgt conf": 0.9990333318710327}