{"org src conf": 0.9978877902030945, "org tgt conf": 0.0005711032426916063, "recon src conf": 0.9959142804145813, "recon tgt conf": 0.0019684245344251394, "cf src conf": 0.014107032679021358, "cf tgt conf": 0.9772737622261047, "cf ref src conf": 2.3496006178902462e-05, "cf ref tgt conf": 0.9990333318710327}