{"org src conf": 0.9997835755348206, "org tgt conf": 3.1596086046192795e-05, "recon src conf": 0.9997431635856628, "recon tgt conf": 8.686522778589278e-05, "cf src conf": 0.0167282335460186, "cf tgt conf": 0.9726476073265076, "cf ref src conf": 2.3496006178902462e-05, "cf ref tgt conf": 0.9990333318710327}