{"org src conf": 0.9995966553688049, "org tgt conf": 2.8604799808817916e-05, "recon src conf": 0.9994338154792786, "recon tgt conf": 9.369991312269121e-05, "cf src conf": 0.013865571469068527, "cf tgt conf": 0.9854946136474609, "cf ref src conf": 2.3496006178902462e-05, "cf ref tgt conf": 0.9990333318710327}