{"org src conf": 0.9993841648101807, "org tgt conf": 0.0003081456816289574, "recon src conf": 0.9984837174415588, "recon tgt conf": 0.0010974162723869085, "cf src conf": 0.010365118272602558, "cf tgt conf": 0.9882281422615051, "cf ref src conf": 2.3496006178902462e-05, "cf ref tgt conf": 0.9990333318710327}