{"org src conf": 0.9974357485771179, "org tgt conf": 0.00013236275117378682, "recon src conf": 0.9964573979377747, "recon tgt conf": 0.00038115508505143225, "cf src conf": 0.008990411646664143, "cf tgt conf": 0.9901618957519531, "cf ref src conf": 2.3496006178902462e-05, "cf ref tgt conf": 0.9990333318710327}