{"org src conf": 0.9992738366127014, "org tgt conf": 0.0002434037160128355, "recon src conf": 0.9991810917854309, "recon tgt conf": 6.954046693863347e-05, "cf src conf": 0.009181885980069637, "cf tgt conf": 0.9878827333450317, "cf ref src conf": 5.106209573568776e-05, "cf ref tgt conf": 0.9995891451835632}