{"org src conf": 0.9978673458099365, "org tgt conf": 0.0012891957303509116, "recon src conf": 0.9975329637527466, "recon tgt conf": 0.0009162094793282449, "cf src conf": 0.009269850328564644, "cf tgt conf": 0.9835666418075562, "cf ref src conf": 5.106209573568776e-05, "cf ref tgt conf": 0.9995891451835632}