{"org src conf": 0.9999806880950928, "org tgt conf": 1.7167632904602215e-05, "recon src conf": 0.9999440908432007, "recon tgt conf": 5.236147262621671e-05, "cf src conf": 0.041297610849142075, "cf tgt conf": 0.9332641959190369, "cf ref src conf": 0.0015264604007825255, "cf ref tgt conf": 0.9983795881271362}