{"org src conf": 0.9999972581863403, "org tgt conf": 3.418861354020919e-07, "recon src conf": 0.9999980926513672, "recon tgt conf": 3.336107283757883e-07, "cf src conf": 0.035319983959198, "cf tgt conf": 0.9172195196151733, "cf ref src conf": 0.0015264604007825255, "cf ref tgt conf": 0.9983795881271362}