{"org src conf": 0.9999982118606567, "org tgt conf": 1.3371117546512323e-08, "recon src conf": 0.9999985694885254, "recon tgt conf": 1.5047989521121963e-08, "cf src conf": 0.060863591730594635, "cf tgt conf": 0.8966017961502075, "cf ref src conf": 0.0015264604007825255, "cf ref tgt conf": 0.9983795881271362}