{"org src conf": 0.9999994039535522, "org tgt conf": 1.5633818861715554e-07, "recon src conf": 0.9999984502792358, "recon tgt conf": 4.057669116264151e-07, "cf src conf": 0.048697929829359055, "cf tgt conf": 0.8958154916763306, "cf ref src conf": 0.0015264604007825255, "cf ref tgt conf": 0.9983795881271362}