{"org src conf": 0.9996011853218079, "org tgt conf": 0.00031485973158851266, "recon src conf": 0.9992203712463379, "recon tgt conf": 0.0006587707321159542, "cf src conf": 0.01494491845369339, "cf tgt conf": 0.9799785017967224, "cf ref src conf": 0.0015264604007825255, "cf ref tgt conf": 0.9983795881271362}