{"org src conf": 0.9999839067459106, "org tgt conf": 1.4547479622706305e-05, "recon src conf": 0.999958872795105, "recon tgt conf": 3.949473102693446e-05, "cf src conf": 0.025098830461502075, "cf tgt conf": 0.9726311564445496, "cf ref src conf": 0.0015264604007825255, "cf ref tgt conf": 0.9983795881271362}