{"org src conf": 0.9995705485343933, "org tgt conf": 0.00041630284977145493, "recon src conf": 0.9987843632698059, "recon tgt conf": 0.001191820134408772, "cf src conf": 0.013555130921304226, "cf tgt conf": 0.9787919521331787, "cf ref src conf": 0.0015264604007825255, "cf ref tgt conf": 0.9983795881271362}