{"org src conf": 0.9999600648880005, "org tgt conf": 3.936879875254817e-05, "recon src conf": 0.9998723268508911, "recon tgt conf": 0.0001262244040844962, "cf src conf": 0.03514518216252327, "cf tgt conf": 0.9633325934410095, "cf ref src conf": 0.0015264604007825255, "cf ref tgt conf": 0.9983795881271362}