{"org src conf": 0.9999997615814209, "org tgt conf": 4.436610012703568e-08, "recon src conf": 0.9999995231628418, "recon tgt conf": 8.228535364196432e-08, "cf src conf": 0.10304614901542664, "cf tgt conf": 0.8178192973136902, "cf ref src conf": 0.0015264604007825255, "cf ref tgt conf": 0.9983795881271362}