{"org src conf": 0.9999971389770508, "org tgt conf": 2.7753173981182044e-06, "recon src conf": 0.9999864101409912, "recon tgt conf": 1.3509743439499289e-05, "cf src conf": 0.038979947566986084, "cf tgt conf": 0.9601877331733704, "cf ref src conf": 0.0015264604007825255, "cf ref tgt conf": 0.9983795881271362}