{"org src conf": 0.9999924898147583, "org tgt conf": 2.4230148483184166e-06, "recon src conf": 0.9999921321868896, "recon tgt conf": 4.734720278065652e-06, "cf src conf": 0.016526376828551292, "cf tgt conf": 0.9718441367149353, "cf ref src conf": 0.0015264604007825255, "cf ref tgt conf": 0.9983795881271362}