{"org src conf": 0.9999998807907104, "org tgt conf": 2.2117125908494017e-09, "recon src conf": 0.9999997615814209, "recon tgt conf": 6.7859415864290895e-09, "cf src conf": 0.025655945762991905, "cf tgt conf": 0.9590255618095398, "cf ref src conf": 0.0015264604007825255, "cf ref tgt conf": 0.9983795881271362}