{"org src conf": 0.9991512298583984, "org tgt conf": 0.0008485992439091206, "recon src conf": 0.9968907237052917, "recon tgt conf": 0.003108434146270156, "cf src conf": 0.025523846969008446, "cf tgt conf": 0.9741727113723755, "cf ref src conf": 0.0015264604007825255, "cf ref tgt conf": 0.9983795881271362}