{"org src conf": 0.9999841451644897, "org tgt conf": 4.424115104484372e-06, "recon src conf": 0.9999849796295166, "recon tgt conf": 7.335792815865716e-06, "cf src conf": 0.011998184025287628, "cf tgt conf": 0.9824090600013733, "cf ref src conf": 0.0015264604007825255, "cf ref tgt conf": 0.9983795881271362}