{"org src conf": 0.9991857409477234, "org tgt conf": 0.0008129347115755081, "recon src conf": 0.9963369369506836, "recon tgt conf": 0.0036557393614202738, "cf src conf": 0.03682767599821091, "cf tgt conf": 0.9592059254646301, "cf ref src conf": 0.0015264604007825255, "cf ref tgt conf": 0.9983795881271362}