{"org src conf": 0.9999994039535522, "org tgt conf": 2.1782362580324843e-07, "recon src conf": 0.9999985694885254, "recon tgt conf": 6.313542257885274e-07, "cf src conf": 0.021577317267656326, "cf tgt conf": 0.9653733372688293, "cf ref src conf": 0.0015264604007825255, "cf ref tgt conf": 0.9983795881271362}