{"org src conf": 0.9999330043792725, "org tgt conf": 6.112577830208465e-05, "recon src conf": 0.9998276233673096, "recon tgt conf": 0.0001604000572115183, "cf src conf": 0.02314290590584278, "cf tgt conf": 0.9499266147613525, "cf ref src conf": 0.0015264604007825255, "cf ref tgt conf": 0.9983795881271362}