{"org src conf": 0.9998321533203125, "org tgt conf": 0.0001653523650020361, "recon src conf": 0.9996386766433716, "recon tgt conf": 0.0003554899012669921, "cf src conf": 0.06694499403238297, "cf tgt conf": 0.9200387597084045, "cf ref src conf": 0.0015264604007825255, "cf ref tgt conf": 0.9983795881271362}