{"org src conf": 0.9999561309814453, "org tgt conf": 4.359265949460678e-05, "recon src conf": 0.9998658895492554, "recon tgt conf": 0.00013358454452827573, "cf src conf": 0.048400234431028366, "cf tgt conf": 0.9502437114715576, "cf ref src conf": 0.0015264604007825255, "cf ref tgt conf": 0.9983795881271362}