{"org src conf": 0.9999974966049194, "org tgt conf": 2.151872649847064e-06, "recon src conf": 0.9999945163726807, "recon tgt conf": 4.7147705117822625e-06, "cf src conf": 0.04897871986031532, "cf tgt conf": 0.9454189538955688, "cf ref src conf": 0.0015264604007825255, "cf ref tgt conf": 0.9983795881271362}