{"org src conf": 0.9995349645614624, "org tgt conf": 0.000446127203758806, "recon src conf": 0.9987816214561462, "recon tgt conf": 0.0011834560427814722, "cf src conf": 0.027992743998765945, "cf tgt conf": 0.9671396017074585, "cf ref src conf": 0.0015264604007825255, "cf ref tgt conf": 0.9983795881271362}