{"org src conf": 0.9990798234939575, "org tgt conf": 0.0009137211018241942, "recon src conf": 0.9968940019607544, "recon tgt conf": 0.003090540412813425, "cf src conf": 0.01437184028327465, "cf tgt conf": 0.9841205477714539, "cf ref src conf": 0.0015264604007825255, "cf ref tgt conf": 0.9983795881271362}