{"org src conf": 0.9999960660934448, "org tgt conf": 3.3291960335191106e-06, "recon src conf": 0.9999871253967285, "recon tgt conf": 1.1417741916375235e-05, "cf src conf": 0.03866463527083397, "cf tgt conf": 0.9294179677963257, "cf ref src conf": 0.0015264604007825255, "cf ref tgt conf": 0.9983795881271362}