{"org src conf": 0.9996300935745239, "org tgt conf": 0.0003660649817902595, "recon src conf": 0.9986538887023926, "recon tgt conf": 0.001335522742010653, "cf src conf": 0.03242125362157822, "cf tgt conf": 0.9664279222488403, "cf ref src conf": 0.0015264604007825255, "cf ref tgt conf": 0.9983795881271362}