{"org src conf": 0.9999997615814209, "org tgt conf": 1.5503605510502894e-08, "recon src conf": 0.9999995231628418, "recon tgt conf": 3.258105607528705e-08, "cf src conf": 0.034017905592918396, "cf tgt conf": 0.9597507119178772, "cf ref src conf": 0.0015264604007825255, "cf ref tgt conf": 0.9983795881271362}