{"org src conf": 0.9999867677688599, "org tgt conf": 1.0761187695607077e-05, "recon src conf": 0.9999136924743652, "recon tgt conf": 7.704217568971217e-05, "cf src conf": 0.00978292990475893, "cf tgt conf": 0.990058958530426, "cf ref src conf": 3.3831358337010897e-07, "cf ref tgt conf": 0.9999936819076538}