{"org src conf": 0.9993776679039001, "org tgt conf": 0.0003495873243082315, "recon src conf": 0.9983083009719849, "recon tgt conf": 0.001208754489198327, "cf src conf": 0.005471388343721628, "cf tgt conf": 0.9900784492492676, "cf ref src conf": 3.3831358337010897e-07, "cf ref tgt conf": 0.9999936819076538}