{"org src conf": 0.9990931749343872, "org tgt conf": 0.0008847797871567309, "recon src conf": 0.9971357583999634, "recon tgt conf": 0.002813247963786125, "cf src conf": 0.009610884822905064, "cf tgt conf": 0.9901953339576721, "cf ref src conf": 3.3831358337010897e-07, "cf ref tgt conf": 0.9999936819076538}