{"org src conf": 0.9985709190368652, "org tgt conf": 0.0011840066872537136, "recon src conf": 0.9700832962989807, "recon tgt conf": 0.028584999963641167, "cf src conf": 0.009567255154252052, "cf tgt conf": 0.9900943636894226, "cf ref src conf": 3.3831358337010897e-07, "cf ref tgt conf": 0.9999936819076538}