{"org src conf": 0.998684823513031, "org tgt conf": 0.001281476579606533, "recon src conf": 0.9924435019493103, "recon tgt conf": 0.0074072787538170815, "cf src conf": 0.009889175184071064, "cf tgt conf": 0.990073561668396, "cf ref src conf": 3.3831358337010897e-07, "cf ref tgt conf": 0.9999936819076538}