{"org src conf": 0.9996670484542847, "org tgt conf": 0.0003297245129942894, "recon src conf": 0.9982481002807617, "recon tgt conf": 0.0017439823132008314, "cf src conf": 0.009481432847678661, "cf tgt conf": 0.9900597333908081, "cf ref src conf": 3.3831358337010897e-07, "cf ref tgt conf": 0.9999936819076538}