{"org src conf": 0.9995762705802917, "org tgt conf": 0.00042105483589693904, "recon src conf": 0.9981620907783508, "recon tgt conf": 0.001830675988458097, "cf src conf": 0.00975172407925129, "cf tgt conf": 0.990108847618103, "cf ref src conf": 3.3831358337010897e-07, "cf ref tgt conf": 0.9999936819076538}