{"org src conf": 0.9999933242797852, "org tgt conf": 5.907180366193643e-06, "recon src conf": 0.9999663829803467, "recon tgt conf": 3.154552905471064e-05, "cf src conf": 0.00915946252644062, "cf tgt conf": 0.9900974035263062, "cf ref src conf": 3.3831358337010897e-07, "cf ref tgt conf": 0.9999936819076538}