{"org src conf": 0.9995167255401611, "org tgt conf": 0.000479017267934978, "recon src conf": 0.997531533241272, "recon tgt conf": 0.00245193880982697, "cf src conf": 0.006975017488002777, "cf tgt conf": 0.9865258932113647, "cf ref src conf": 3.3831358337010897e-07, "cf ref tgt conf": 0.9999936819076538}