{"org src conf": 0.9999841451644897, "org tgt conf": 7.059118161123479e-06, "recon src conf": 0.9999585151672363, "recon tgt conf": 2.532513826736249e-05, "cf src conf": 0.009463573805987835, "cf tgt conf": 0.9900636076927185, "cf ref src conf": 3.3831358337010897e-07, "cf ref tgt conf": 0.9999936819076538}