{"org src conf": 0.9999955892562866, "org tgt conf": 2.9242478376545478e-06, "recon src conf": 0.9999954700469971, "recon tgt conf": 3.5129207844875054e-06, "cf src conf": 0.006323034409433603, "cf tgt conf": 0.9883012175559998, "cf ref src conf": 3.3831358337010897e-07, "cf ref tgt conf": 0.9999936819076538}