{"org src conf": 0.999667763710022, "org tgt conf": 0.00012318856897763908, "recon src conf": 0.9994829893112183, "recon tgt conf": 0.0003103586786892265, "cf src conf": 0.005745476111769676, "cf tgt conf": 0.9900650382041931, "cf ref src conf": 3.3831358337010897e-07, "cf ref tgt conf": 0.9999936819076538}