{"org src conf": 0.9986366629600525, "org tgt conf": 0.0002482269483152777, "recon src conf": 0.9936811923980713, "recon tgt conf": 0.0017208275385200977, "cf src conf": 0.0061008865013718605, "cf tgt conf": 0.9900591969490051, "cf ref src conf": 3.3831358337010897e-07, "cf ref tgt conf": 0.9999936819076538}