{"org src conf": 0.9999885559082031, "org tgt conf": 8.956492820288986e-06, "recon src conf": 0.9998263716697693, "recon tgt conf": 0.00016355067782569677, "cf src conf": 0.008573533035814762, "cf tgt conf": 0.9900749325752258, "cf ref src conf": 3.3831358337010897e-07, "cf ref tgt conf": 0.9999936819076538}