{"org src conf": 0.9979619979858398, "org tgt conf": 0.0020347055979073048, "recon src conf": 0.9495375752449036, "recon tgt conf": 0.05044117942452431, "cf src conf": 0.009844287298619747, "cf tgt conf": 0.9901289343833923, "cf ref src conf": 3.3831358337010897e-07, "cf ref tgt conf": 0.9999936819076538}