{"org src conf": 0.9989939332008362, "org tgt conf": 0.000740987656172365, "recon src conf": 0.9952554106712341, "recon tgt conf": 0.004455504007637501, "cf src conf": 0.014605911448597908, "cf tgt conf": 0.9846898317337036, "cf ref src conf": 0.0008155799587257206, "cf ref tgt conf": 0.9991023540496826}