{"org src conf": 0.9987550973892212, "org tgt conf": 0.00011597533011808991, "recon src conf": 0.9985800981521606, "recon tgt conf": 0.00031501089688390493, "cf src conf": 0.012237951159477234, "cf tgt conf": 0.9827821850776672, "cf ref src conf": 0.0008155799587257206, "cf ref tgt conf": 0.9991023540496826}