{"org src conf": 0.9985540509223938, "org tgt conf": 3.46318120136857e-05, "recon src conf": 0.9987404942512512, "recon tgt conf": 0.0001535208721179515, "cf src conf": 0.011524861678481102, "cf tgt conf": 0.9803361296653748, "cf ref src conf": 0.0008155799587257206, "cf ref tgt conf": 0.9991023540496826}