{"org src conf": 0.99769526720047, "org tgt conf": 0.0013271126663312316, "recon src conf": 0.993057370185852, "recon tgt conf": 0.004395643249154091, "cf src conf": 0.011248518712818623, "cf tgt conf": 0.981067419052124, "cf ref src conf": 0.0008155799587257206, "cf ref tgt conf": 0.9991023540496826}