{"org src conf": 0.9989911913871765, "org tgt conf": 0.0008345820824615657, "recon src conf": 0.998918890953064, "recon tgt conf": 0.0008043776033446193, "cf src conf": 0.012073943391442299, "cf tgt conf": 0.9877744317054749, "cf ref src conf": 0.0008485992439091206, "cf ref tgt conf": 0.9991512298583984}