{"org src conf": 0.9986494183540344, "org tgt conf": 0.0012502637691795826, "recon src conf": 0.9990398287773132, "recon tgt conf": 0.0008644768968224525, "cf src conf": 0.009874042123556137, "cf tgt conf": 0.9900925755500793, "cf ref src conf": 0.0008485992439091206, "cf ref tgt conf": 0.9991512298583984}