{"org src conf": 0.9995757937431335, "org tgt conf": 0.00032659564749337733, "recon src conf": 0.9996026158332825, "recon tgt conf": 0.0002846426796168089, "cf src conf": 0.01300695352256298, "cf tgt conf": 0.986622154712677, "cf ref src conf": 0.0008485992439091206, "cf ref tgt conf": 0.9991512298583984}