{"org src conf": 0.9983795881271362, "org tgt conf": 0.0015264604007825255, "recon src conf": 0.9984095692634583, "recon tgt conf": 0.0014811401488259435, "cf src conf": 0.014306852594017982, "cf tgt conf": 0.9854529500007629, "cf ref src conf": 0.0008485992439091206, "cf ref tgt conf": 0.9991512298583984}