{"org src conf": 0.9983932375907898, "org tgt conf": 0.0014500342076644301, "recon src conf": 0.9986874461174011, "recon tgt conf": 0.0011139223352074623, "cf src conf": 0.0135341202840209, "cf tgt conf": 0.9864394664764404, "cf ref src conf": 0.0008485992439091206, "cf ref tgt conf": 0.9991512298583984}