{"org src conf": 0.9998526573181152, "org tgt conf": 3.9911496969580185e-06, "recon src conf": 0.9998949766159058, "recon tgt conf": 2.693271653697593e-06, "cf src conf": 0.04680127277970314, "cf tgt conf": 0.909015417098999, "cf ref src conf": 0.0013277136022225022, "cf ref tgt conf": 0.9983269572257996}