{"org src conf": 0.9986989498138428, "org tgt conf": 0.0011611386435106397, "recon src conf": 0.9986729621887207, "recon tgt conf": 0.0011714432621374726, "cf src conf": 0.01591094210743904, "cf tgt conf": 0.9744771122932434, "cf ref src conf": 0.0013277136022225022, "cf ref tgt conf": 0.9983269572257996}