{"org src conf": 0.9999861717224121, "org tgt conf": 2.0240941012161784e-06, "recon src conf": 0.9999889135360718, "recon tgt conf": 1.1458511153250583e-06, "cf src conf": 0.042646072804927826, "cf tgt conf": 0.8991694450378418, "cf ref src conf": 0.0013277136022225022, "cf ref tgt conf": 0.9983269572257996}