{"org src conf": 0.9993962049484253, "org tgt conf": 4.71405110147316e-05, "recon src conf": 0.9992770552635193, "recon tgt conf": 3.9996186387725174e-05, "cf src conf": 0.07776813209056854, "cf tgt conf": 0.7942716479301453, "cf ref src conf": 0.0013277136022225022, "cf ref tgt conf": 0.9983269572257996}