{"org src conf": 0.9987885355949402, "org tgt conf": 0.0011242973851040006, "recon src conf": 0.9993419051170349, "recon tgt conf": 0.0006001124856993556, "cf src conf": 0.04029640182852745, "cf tgt conf": 0.9222188591957092, "cf ref src conf": 0.0013277136022225022, "cf ref tgt conf": 0.9983269572257996}