{"org src conf": 0.9999829530715942, "org tgt conf": 3.457043021626305e-06, "recon src conf": 0.9999866485595703, "recon tgt conf": 2.189000724683865e-06, "cf src conf": 0.0367259755730629, "cf tgt conf": 0.9418995976448059, "cf ref src conf": 0.0013277136022225022, "cf ref tgt conf": 0.9983269572257996}