{"org src conf": 0.9988424181938171, "org tgt conf": 0.0010526427067816257, "recon src conf": 0.9991235136985779, "recon tgt conf": 0.0007701202994212508, "cf src conf": 0.030979357659816742, "cf tgt conf": 0.9446242451667786, "cf ref src conf": 0.0013277136022225022, "cf ref tgt conf": 0.9983269572257996}