{"org src conf": 0.9999549388885498, "org tgt conf": 2.200696826548665e-06, "recon src conf": 0.999954342842102, "recon tgt conf": 1.4337445009005023e-06, "cf src conf": 0.21265172958374023, "cf tgt conf": 0.5551143884658813, "cf ref src conf": 0.0013277136022225022, "cf ref tgt conf": 0.9983269572257996}