{"org src conf": 0.9998478889465332, "org tgt conf": 6.576870509888977e-05, "recon src conf": 0.9998964071273804, "recon tgt conf": 3.6518380511552095e-05, "cf src conf": 0.02858341485261917, "cf tgt conf": 0.9466989040374756, "cf ref src conf": 0.0013277136022225022, "cf ref tgt conf": 0.9983269572257996}