{"org src conf": 0.9996623992919922, "org tgt conf": 0.00026674801483750343, "recon src conf": 0.9997627139091492, "recon tgt conf": 0.00016829687228891999, "cf src conf": 0.025811154395341873, "cf tgt conf": 0.9633277654647827, "cf ref src conf": 0.0013277136022225022, "cf ref tgt conf": 0.9983269572257996}