{"org src conf": 0.9997872710227966, "org tgt conf": 5.001925273973029e-06, "recon src conf": 0.9998637437820435, "recon tgt conf": 3.5060224945482332e-06, "cf src conf": 0.03135313093662262, "cf tgt conf": 0.9293419122695923, "cf ref src conf": 0.0013277136022225022, "cf ref tgt conf": 0.9983269572257996}