{"org src conf": 0.9998576641082764, "org tgt conf": 6.213723509063129e-07, "recon src conf": 0.9999004602432251, "recon tgt conf": 4.3813622596644564e-07, "cf src conf": 0.0898863673210144, "cf tgt conf": 0.7223068475723267, "cf ref src conf": 0.0013277136022225022, "cf ref tgt conf": 0.9983269572257996}