{"org src conf": 0.999790608882904, "org tgt conf": 8.005680138012394e-05, "recon src conf": 0.9998264908790588, "recon tgt conf": 5.123662413097918e-05, "cf src conf": 0.020818648859858513, "cf tgt conf": 0.9587974548339844, "cf ref src conf": 0.0013277136022225022, "cf ref tgt conf": 0.9983269572257996}