{"org src conf": 0.9999958276748657, "org tgt conf": 2.6320660708734067e-06, "recon src conf": 0.9999964237213135, "recon tgt conf": 1.9581309516070178e-06, "cf src conf": 0.07732560485601425, "cf tgt conf": 0.876079797744751, "cf ref src conf": 0.0013277136022225022, "cf ref tgt conf": 0.9983269572257996}