{"org src conf": 0.999995231628418, "org tgt conf": 1.4049073797650635e-06, "recon src conf": 0.9999963045120239, "recon tgt conf": 8.730967238079756e-07, "cf src conf": 0.06937208026647568, "cf tgt conf": 0.9085481762886047, "cf ref src conf": 0.0013277136022225022, "cf ref tgt conf": 0.9983269572257996}