{"org src conf": 0.9998785257339478, "org tgt conf": 1.0508447303436697e-06, "recon src conf": 0.9999414682388306, "recon tgt conf": 5.732954377890565e-07, "cf src conf": 0.13658899068832397, "cf tgt conf": 0.6826213598251343, "cf ref src conf": 0.0013277136022225022, "cf ref tgt conf": 0.9983269572257996}