{"org src conf": 0.999955415725708, "org tgt conf": 2.3860400688135996e-05, "recon src conf": 0.999968409538269, "recon tgt conf": 1.4420630577660631e-05, "cf src conf": 0.039296410977840424, "cf tgt conf": 0.9380359649658203, "cf ref src conf": 0.0013277136022225022, "cf ref tgt conf": 0.9983269572257996}